,US Equities,World Equities,US Treasuries,High Yield,Real Estate,Commodities,Corp Bonds,T-bill,TIPS,Regime-5,Regime-7,Regime-9
1985-02-01,0.08130081300813008,0.028511092410052452,0.01924300000000012,0.03790797573180993,0.05660525284202289,0.021350694579808538,0.0290285807344679,0.006918734475039212,-0.011200000000000002,1,1,1
1985-03-01,0.03007518796992481,-0.0092044188229925,-0.017574807970228923,0.01268933737253053,0.016447775221983152,-0.01521705939233553,-0.025400593471810007,0.006440908572337811,0.0161,1,1,1
1985-04-01,-0.007299270072992803,0.07513416815742402,0.01895578880089488,0.004322839422947311,-0.006715982090714445,0.037170542635659,0.01940486339463332,0.007346242334508091,0.023700000000000002,1,1,1
1985-05-01,-0.01225490196078427,-0.0024587733315760696,0.02064664597362964,0.018215379452112268,0.0009064184223419591,-0.0351159111576167,0.02234080681772932,0.00664823254157354,0.0526,1,1,1
1985-06-01,0.06451612903225801,0.04024450160399984,0.04857030643081228,0.04236296516035476,0.02724135399074812,0.004350744919827454,0.06361015892801491,0.006858258348087176,0.0397,1,1,1
1985-07-01,0.020979020979021046,0.022418730365998618,0.012060914486559327,0.012711763915349783,0.023207052656659455,-0.04627546757503698,0.007910639077091997,0.00541722928374111,-0.0146,1,1,1
1985-08-01,0.004566210045662267,0.048479637271305,-0.004447452645714001,0.008399359900082226,0.009221311475409832,-0.006240312689534289,-0.004105955452200161,0.006108707280842118,0.0316,1,1,1
1985-09-01,-0.00909090909090915,0.027709128202849653,0.01533159063889511,0.0201190577561714,-0.054683894785417575,0.014064449628383935,0.023752189141856395,0.005767757198983592,0.0027,1,1,1
1985-10-01,-0.02752293577981657,0.04871287271391034,0.007526766211909619,0.00959933222036713,-0.031144740053697828,0.06009174925437,0.0006058662104850843,0.006331675165764938,0.045700000000000005,1,1,1
1985-11-01,0.037735849056603765,0.05843928312555624,0.019149026910993294,0.0025630425795784006,0.03141532725348917,0.07534505816154025,0.02436244479270555,0.0061842344610545386,0.04190000000000001,1,1,1
1985-12-01,0.05454545454545445,0.04402832119204758,0.02328689496443026,0.02492765357683724,-0.016071908355926867,0.013691719266959224,0.02579972183588297,0.0062483430722708455,0.032400000000000005,1,1,1
1986-01-01,0.053879310344827624,0.04306378507433006,0.03034630002445149,0.03757561571490231,0.006131618797011296,-0.020173377622944133,0.03287912683885863,0.005725923576448633,0.0067,1,1,1
1986-02-01,0.01840490797546024,0.023522732183598016,0.005607051605381219,0.013204274998589893,0.03866271897359974,-0.11485033901107988,0.007449461800997481,0.006700087397446097,0.0034999999999999996,1,1,1
1986-03-01,0.06224899598393563,0.10388621479883176,0.04190762495775613,0.038498201376277574,0.03784117633085482,-0.026356175351971656,0.047819147203491896,0.005506549138331485,-0.0158,1,1,1
1986-04-01,0.04536862003780717,0.13554500119363055,0.04406696461337045,0.03839763088426462,0.024605172808422893,0.018379934210526194,0.024341716666148594,0.005272962421659644,0.0014000000000000002,1,1,1
1986-05-01,0.001808318264014508,0.06188092362014497,0.003245008333616628,0.01590476497725568,0.0059868200603150346,0.04020134318515223,0.005432473444613173,0.005057637297184003,0.0379,1,1,1
1986-06-01,0.045126353790613694,-0.04180863386627309,-0.026466794449869213,0.011000317561130624,-0.0057069260320209425,-0.030004657902908516,-0.010987352470645195,0.005489993797343606,0.0123,1,1,1
1986-07-01,0.02590673575129543,0.0629875778240987,0.0352451784663963,0.011100501312962585,0.03519742719313923,0.034614307246995324,0.01877002899435376,0.00500119460374715,-0.0146,1,1,1
1986-08-01,-0.06734006734006737,0.05626659163738523,0.00851037744241645,-0.010003168705614907,0.004530548843631355,0.028015574235470186,0.004523666866387055,0.0050259207177940635,0.0326,1,1,1
1986-09-01,0.07039711191335729,0.09719018246479472,0.027941988591929867,0.015401125901380208,0.04168635367896556,0.07542295295784895,0.020518326324893366,0.004333403742442066,0.021,1,1,1
1986-10-01,-0.07251264755480602,-0.00861207840753464,-0.01729307584695039,0.011996810739648867,-0.023977898274333498,-0.01933505148628012,-0.0028639060171250508,0.004784963371154971,-0.0083,1,1,1
1986-11-01,0.04727272727272713,-0.06301874588741985,0.014118417122910287,0.02320226709174622,0.0369455006337136,0.007634404766151848,0.016763869757627337,0.004755434569579053,-0.0022,1,1,1
1986-12-01,0.00868055555555558,0.056101709286608514,0.012192483496731743,-0.0026979759211618326,-0.005540956222371496,0.03967663893314444,0.01441212924797508,0.004175837071196398,0.0043,1,1,1
1987-01-01,-0.02409638554216864,0.051167227886899536,0.0005189981191682236,-0.0029027836797720363,-0.010529118954462624,-0.019387720353701066,0.009007473077032424,0.0046088177010426,0.0368,1,1,1
1987-02-01,0.1393298059964727,0.10820342967230845,0.010706821713734271,0.04139955341064616,0.021365132600459802,0.05086295708944433,0.021824838073781994,0.005004707091450733,0.045899999999999996,1,1,1
1987-03-01,0.037151702786377694,0.03142643313470517,0.008437252573238352,0.021199702581660373,0.030647613256308937,-0.05543989513455172,0.0060355518809425135,0.004351039576621085,0.058499999999999996,1,1,1
1987-04-01,0.02686567164179099,0.08456500564835845,-0.0129541288262488,0.006902935582008496,0.0018290164611480808,0.08455976676384847,-0.0039995616918694354,0.004672708857795582,0.0213,1,1,1
1987-05-01,-0.018895348837209336,0.09971499439701592,-0.018842825649708517,-0.03479937666065003,-0.027110325873576757,0.05085966817561105,-0.032867594477143935,0.004712295685609824,0.028300000000000002,1,1,1
1987-06-01,0.00592592592592589,-0.000571450792945627,-0.004917896321711912,0.007195706968046167,-0.00952400169494938,0.047262383481188275,-0.004550237465517748,0.004882702637625025,0.0316,1,1,1
1987-07-01,0.042709867452135564,-0.028603385556121297,0.011147959796055984,0.012800922589015329,0.01990343675514894,0.03722520762090853,0.014541610719081222,0.004734183204958109,0.0226,1,1,1
1987-08-01,0.04519774011299438,0.004196334979008176,-0.0037323311386343594,0.0027043183694384076,0.0009787472035793776,0.05727204220045223,-0.0027314710520388585,0.005239528274039618,0.0147,1,1,1
1987-09-01,0.024324324324324298,0.07129243955749764,-0.0044084897185787675,0.006200317965023849,-0.01899706662941747,-0.03848895224518889,-0.0056190879570802155,0.00487833992838671,-0.018600000000000002,-1,-1,-1
1987-10-01,0.00923482849604218,-0.014865100240820328,-0.019613076738401958,-0.03150463851206464,-0.020524399422306328,0.01779095626389915,-0.028197410268059997,0.005347982850609334,0.0285,-1,-1,-1
1987-11-01,-0.22745098039215683,-0.14504471089262283,0.03910165260763976,-0.032698436744373005,-0.1428185745140389,-0.013018936635105782,0.033369371475323595,0.005496920975023745,-0.015600000000000001,-1,-1,-1
1987-12-01,-0.0795262267343485,0.0077565730812747535,0.004254076972094012,0.028798255600330114,0.009545729860690466,0.013651877133106005,0.010660257316555954,0.004608640346543291,-0.0166,1,1,1
1988-01-01,0.06617647058823528,0.030661089309586442,0.011442669672671713,0.024104497710746076,0.03551801099138441,-0.027027027027027084,0.018913323261149362,0.004809866404652308,0.0031,1,1,1
1988-02-01,0.03965517241379324,0.015719232433992092,0.034843164055654796,0.03339907955292576,0.08236575586919725,0.02506546950991395,0.039211378988412315,0.00516424034899754,0.0003,1,1,1
1988-03-01,0.056384742951907096,0.06642802860815777,0.010343012776702798,0.03239708559004617,0.024088388326231724,-0.017153284671532765,0.013713470379960846,0.004573721175136214,-0.0079,1,1,1
1988-04-01,-0.01569858712715866,0.061225957696201094,-0.010769433954421648,-0.010401204632045968,0.002007192439575256,0.05848496101002598,-0.008601589990877012,0.004762671152625186,0.008199999999999999,1,1,1
1988-05-01,0.011164274322169154,0.014342446462146441,-0.007167424003686751,0.0076026685149888085,0.008221350471580013,0.006139273811611945,-0.007072433285132074,0.005246371093440061,0.008100000000000001,1,1,1
1988-06-01,0.01735015772870674,-0.03193083487903903,-0.00458092176801328,0.0014993873471054187,-0.011445010141148293,0.06302301255230125,-0.005428162897844646,0.00523958765871213,-0.0060999999999999995,1,1,1
1988-07-01,0.03100775193798455,-0.022422885979129337,0.020588666907132902,0.014601164444205894,0.025897623783104784,-0.027962279622796182,0.023934400042597392,0.005394268216504905,-0.0088,1,1,1
1988-08-01,-0.0015037593984963404,0.0294519325501712,-0.006888386899970511,0.006600520425648959,0.012632137463777005,0.008351611270457138,-0.002262090483619361,0.0058037799296324355,-0.0058,1,1,1
1988-09-01,-0.03915662650602403,-0.06432495629217971,0.0015446026859713413,-0.0015027006578256508,-0.00634811874004948,-0.00970467665021324,0.004221718395746921,0.006103635586909961,0.0118,1,1,1
1988-10-01,0.045454545454545414,0.04261316396209769,0.02179779819810812,0.012602742609372664,-0.003427574737354444,-0.034214750359043644,0.02156481121058773,0.006450936172444521,0.0231,1,1,1
1988-11-01,0.020989505247376306,0.08375516549100492,0.017928720131746623,0.012097717127519614,-0.007428210920487621,0.05134709587123876,0.017477010618299982,0.0059347576862949225,-0.0029,1,1,1
1988-12-01,-0.017621145374449254,0.057497610848519676,-0.011340373574416196,0.005899538408613569,-0.01601328631181831,0.06939013229053992,-0.009612023767913369,0.0064915420147486635,0.0048,1,1,1
1989-01-01,0.022421524663676973,0.006279323389414726,0.0033515978555553883,0.004701138277780625,0.001208559938321807,0.06426515210456718,0.0027225289268697495,0.00651129914424331,0.008199999999999999,1,1,1
1989-02-01,0.06871345029239762,0.02008980607870292,0.013668019544822885,0.01759885383908033,0.00457865928531298,0.011989180495650231,0.015239962792568562,0.007585576713419417,-0.0144,1,1,1
1989-03-01,-0.020519835841313228,0.004121324534386739,-0.008289428556480738,0.0022017524151876078,-0.016532349955457937,0.037636350502058935,-0.006993006993006978,0.006656769998832024,0.011699999999999999,1,1,1
1989-04-01,0.0321229050279328,-0.018123213827140883,0.006409392192147756,-0.00780129124820661,-0.00027385140401503527,0.05736563631300462,0.0038453098192554602,0.008123464179400353,-0.0173,1,1,1
1989-05-01,0.043301759133964834,0.00994585651049218,0.018855274636238484,0.004202440126525264,0.01673058283113482,0.04898604161179887,0.016278723139982576,0.006740164536721993,0.0359,1,1,1
1989-06-01,0.045395590142671916,-0.052116514436489125,0.025642475133068388,0.019399321023764182,0.023771035397496476,-0.023663068039166513,0.031735284268264996,0.007277221925795274,-0.0037,1,1,1
1989-07-01,-0.007444168734491385,-0.014679137895251548,0.03479545762783243,0.012399024950094928,0.008724872973137066,0.03265830922532942,0.029245224906772505,0.0072714633627688485,-0.0062,1,1,1
1989-08-01,0.07125000000000004,0.12347201793593898,0.021165968555367343,-0.0012983552551898425,0.02378085490668269,-0.03374214032248024,0.024441221830904913,0.006373343506451246,-0.025699999999999997,1,1,1
1989-09-01,0.03267211201866971,-0.04225328242665749,-0.01745234143505503,0.0034004860609178067,0.0009801038910124404,0.0406545969976162,-0.011980730168431264,0.006827388638982468,-0.0077,1,1,1
1989-10-01,-0.002259887005649719,0.04331335228215316,0.004491433172782999,-0.01679977568069313,-0.011828062273572804,0.059497275879148104,0.0008278070390888015,0.006703651470941541,0.0286,1,1,1
1989-11-01,-0.0305775764439411,-0.03811190608822679,0.02657039110955406,-0.023700294532705835,-0.04131903846534957,0.005726640565651753,0.024502363206689637,0.006381008978645575,0.013500000000000002,1,1,1
1989-12-01,0.024532710280373626,0.049180047839956,0.009335371740298637,-0.0019994661375047906,-0.013539771787663302,0.015048515484283431,0.006798073916023162,0.006423091231093636,-0.0009,1,1,1
1990-01-01,0.007981755986317118,0.03673269599113049,0.0013295586094650425,0.0015997496921618115,-0.011378638335324043,0.08277046365197482,-0.00028198304576931843,0.005940812017548369,0.0368,1,1,1
1990-02-01,-0.07239819004524894,-0.038379549279278447,-0.014435745109485754,-0.02150418444826252,-0.02229852897536988,-0.00570945231550013,-0.010837373292199248,0.00722277308507957,0.0067,1,1,1
1990-03-01,0.018292682926829285,-0.06755756537790669,0.0005632863869939886,-0.02059679204963827,-0.03429735940684209,-0.017386218630370043,-0.0017064618318400893,0.006035869985210329,0.01,1,1,1
1990-04-01,0.016766467065868262,-0.09931169219313296,0.0009071350261489197,0.026198049472937024,0.0016612787356322656,0.033060981548617585,0.003891849431843619,0.007036585583566124,-0.0308,1,1,1
1990-05-01,-0.020023557126030656,-0.011043073317726915,-0.00873725044503848,-0.00170092423714574,-0.015352548298892876,-0.008432851456107393,-0.010578846752323012,0.006274986501103363,0.0345,1,1,1
1990-06-01,0.09254807692307687,0.11222454295839102,0.02712134879046646,0.019301432852978584,-0.0003186670612067566,-0.021393481591041152,0.04169615435597773,0.006684359660316996,0.021099999999999997,1,-1,-1
1990-07-01,-0.0066006600660066805,-0.008630536725403037,0.015902124649603167,0.02420235931466097,0.007627678225824885,-0.010849616754830982,0.008109390501660707,0.006671573194317215,0.0217,1,-1,-1
1990-08-01,-0.015503875968992165,0.01476351625367367,0.013110302345345826,0.026899480887210947,-0.017987074614724152,0.09435197817189644,0.015061400881434261,0.006367802751312768,0.0305,1,-1,-1
1990-09-01,-0.09223847019122611,-0.09443548789391809,-0.014821483708818195,-0.05689912683823528,-0.061070458833816454,0.15079285927994412,-0.019559077688319326,0.00621846711270857,0.0453,1,-1,-1
1990-10-01,-0.029739776951672847,-0.1347321188796612,0.010487034013353158,-0.07300137048880773,-0.06930693069306937,0.18519802409220887,0.01035728105249567,0.006347180774003203,0.0245,1,-1,-1
1990-11-01,-0.03065134099616862,0.14665085668356426,0.016604782497526616,-0.05250016426834869,-0.03502211923319998,-0.02263088622404197,0.0036021429878425604,0.006179796844435703,0.0104,1,1,1
1990-12-01,0.06719367588932812,-0.05523935349665643,0.021483017693923134,0.031200878409616273,0.0636904437046335,-0.08375416152321102,0.015622515587535135,0.00629254710226701,0.015600000000000001,1,1,1
1991-01-01,0.023456790123456805,0.017532330932513274,0.01591511510397048,0.0055985518860786065,0.000384812724474104,-0.003184453335510762,0.014090093098985568,0.005247679079929846,0.0002,1,1,1
1991-02-01,0.049457177322074886,0.03086125626617009,0.01050550671063677,0.02750253569478045,0.08762661879728184,-0.0996068152031454,0.01990078425721986,0.0055565403587680695,-0.0103,1,1,1
1991-03-01,0.0862068965517242,0.10555491888863422,0.003895414558453547,0.10939779685745754,0.04918419315288136,0.026382823871906824,0.004171729118144452,0.004632720008769242,0.0166,1,1,1
1991-04-01,0.013756613756613856,-0.05753271142136962,0.005496614411693912,0.05889715121025896,0.07622814508517228,0.02561602552738873,0.01749188515611655,0.0050896134900852985,0.010700000000000001,1,1,1
1991-05-01,0.022964509394572064,0.01021649560757898,0.01182675172395986,0.04100373978484684,0.023762789726456512,0.03707544723878664,0.014927466380113996,0.004717309886175691,0.0232,1,1,1
1991-06-01,0.026530612244897833,0.012296095842892596,0.0033897509043590013,0.0018006750313788178,0.023598759892306642,-0.007000000000000117,0.005537120113661809,0.005014964457701554,0.0059,1,1,1
1991-07-01,-0.027833001988071704,-0.07067980865406553,-0.0007229764038003683,0.029595753441032047,-0.025924080900667668,-0.02139979859013097,-0.00044517565082746735,0.004341946045981926,0.0016,1,1,1
1991-08-01,0.029652351738241434,0.047698008200204756,0.01253064435240181,0.03200006879885775,0.019290565420178485,0.04107709458880038,0.013891793501413785,0.004810799629703766,-0.013000000000000001,1,1,1
1991-09-01,0.028798411122144874,-0.019096503065639814,0.022056886089036,0.023003783270278966,0.0006020832078994509,0.02100494233937389,0.023426548050588636,0.00431080109850579,0.0052,1,1,1
1991-10-01,-0.008687258687258725,0.05301880949327309,0.02172946165881129,0.01389675185826289,0.019315241590950105,0.008108108108108025,0.02181726570372855,0.004653638971613638,-0.0276,1,1,1
1991-11-01,0.012658227848101333,0.015875090604465347,0.007983797417641103,0.03340202541205195,-0.006178669815033455,0.03729342563322802,0.007988296980555143,0.0043107682019720706,0.0381,1,1,1
1991-12-01,-0.022115384615384648,-0.04516042249073016,0.01047014120382972,0.005201125744406232,0.0002375955332039048,-0.058288006789337765,0.010101010101010166,0.00392659288388697,0.0575,1,1,1
1992-01-01,0.0943952802359882,0.04931454660605317,0.03459998874812498,0.014397308480606386,0.04730986974939633,-0.06115844666557424,0.0326816143497759,0.00326789544017303,0.0055000000000000005,1,1,1
1992-02-01,0.0,-0.019401630325335484,-0.01587149268251664,0.03520222024832953,0.04950102063960071,0.03110955975391594,-0.012488709789481134,0.003608182883080957,0.041299999999999996,1,1,1
1992-03-01,0.012578616352201255,-0.03448384652336978,0.004041035337119636,0.024699223338869425,-0.023213931961027945,-0.023654366960053963,0.00959140238861611,0.002993501341189253,0.065,1,1,1
1992-04-01,-0.024844720496894346,-0.06511827776671464,-0.006208959751826448,0.01239874359398252,-0.014878867214867864,0.030555194383045103,0.00039722430803701414,0.003370092772536637,0.0066,1,1,1
1992-05-01,0.009099181073703333,0.003983207220420448,0.007194733386289842,0.003801862948342727,0.002245887219030296,0.023130624947430345,0.004181389767872634,0.0031227349640901014,-0.0072,1,1,1
1992-06-01,0.014427412082957725,0.06453337677334425,0.017225606798022763,0.014099549111484588,0.03219360982988184,0.02425189082538637,0.015115883817887976,0.0031373818613638083,-0.015300000000000001,1,1,1
1992-07-01,-0.014222222222222247,-0.04500534352840713,0.014703337501368319,0.009398037396865622,-0.0121212121212122,-0.004133558070471222,0.020839597627313244,0.003050573145543245,0.0398,1,1,1
1992-08-01,0.03155996393146987,-0.023204545542651944,0.02491082335257655,0.01510068853059332,0.03384305466532367,-0.02055208543219822,0.024735325324755975,0.0029415046336238593,0.0,1,1,1
1992-09-01,-0.019230769230769162,0.058812673634078605,0.010392623316319405,0.013096097036361387,-0.008644359024321147,0.01028594939312888,0.010700532086897585,0.002517637204759726,0.0217,1,1,1
1992-10-01,0.0035650623885916666,-0.021958964536428316,0.014083441646995709,0.010178852174847819,0.023854194585901878,0.012543270209733226,0.015459119862714976,0.002421206226727035,0.0581,1,1,1
1992-11-01,0.0248667850799289,-0.049166976991663836,-0.014590727763216904,-0.014080197934195016,-0.0032809773123909647,-0.018662269235410034,-0.023845327604725908,0.0025439727229830122,0.0321,1,1,1
1992-12-01,0.032928942807625816,0.007259895108723713,-0.002109135202660317,0.012571170296014511,0.01947051407760192,-0.03131275871961969,0.0025088028169013565,0.0025293856513859403,0.0183,1,1,1
1993-01-01,0.017617449664429685,0.006219170919490313,0.017004541017402897,0.011415760878616954,0.019321929101401514,0.012566109583245,0.017527427765826165,0.0026835199918717745,0.0026,1,1,1
1993-02-01,0.0206100577081616,-0.00036255875009361116,0.022637020442835,0.029088417987919613,0.06369104786938262,0.012619087414340813,0.0244391601865257,0.0026711224046764848,0.0075,1,1,1
1993-03-01,-0.0056542810985460434,0.03172313008976424,0.02335127736617837,0.017643971349749377,0.047125726686625846,0.010316084839481654,0.026534550293190406,0.0022799309810528356,-0.0177,1,1,1
1993-04-01,0.023558082859463703,0.08524837116280137,-0.0018486245687457936,0.01285022847995565,0.06943604017911187,0.02356641071720289,-0.0018083429955582098,0.0025477945821950065,0.0215,1,1,1
1993-05-01,-0.01904761904761909,0.09300595854952975,0.00923698384201077,0.008743793800476185,-0.044077290859196094,-0.010414588404293434,0.008403476481683603,0.002557906277857569,0.0279,1,1,1
1993-06-01,0.03317152103559873,0.021777927553553456,0.0034862406092248666,0.011875409775512269,-0.012208115067033676,-0.028870967741935427,0.007187597657577038,0.0023907860320264707,-0.0106,1,1,1
1993-07-01,-0.003915426781519127,-0.015032997192878983,0.017777161802228214,0.02097155424952324,0.029346995640645357,-0.03516857664839734,0.01909459913183187,0.0025631661398834993,0.0178,1,1,1
1993-08-01,0.005503144654087855,0.0339950052945599,0.005283856883007365,0.009668528864059667,0.016882058446850756,-0.0009898007488056138,0.006318659902837531,0.002695652939822102,-0.0011,1,1,1
1993-09-01,0.03518373729476165,0.051767701090479346,0.021851261629598717,0.008439814678195212,0.02398671857110135,-0.004953907125010759,0.02487039362045751,0.0025183674971847037,0.0236,1,1,1
1993-10-01,0.0045317220543807935,-0.023216143783667098,0.007345593973083098,0.002580984988148627,0.04561972382176993,0.010909563184553273,0.006503109655834338,0.0024585292051655383,-0.0196,1,1,1
1993-11-01,0.015789473684210353,0.033563478653953815,-0.004151353799624835,0.02024155604590616,-0.012591562850879479,-0.02629437711447047,-0.0041756226948707065,0.0025948484916278325,0.0051,1,1,1
1993-12-01,-0.015544041450777146,-0.08471886147170227,-0.005129002952096284,0.004803359777082905,-0.047299309597942374,-0.056032018296169106,-0.005919045667713951,0.0025903122032993053,0.0058,1,1,1
1994-01-01,0.010526315789473495,0.07182005825274973,0.0027341003435290556,0.01244213127729732,-0.0002699784017278217,-0.01635372501514254,0.004555890166262122,0.002804632254979067,-0.014199999999999999,1,1,1
1994-02-01,0.032738095238095344,0.08330138712358659,0.009899251587623059,0.021710030484032306,0.0299046292479781,0.09601174687381597,0.01534397490022621,0.0023971881196007683,-0.0173,1,1,1
1994-03-01,-0.02449567723342949,-0.004333252592362058,-0.024099849313982125,-0.002617556066894844,0.03443231531444502,-0.04088335710272695,-0.02684645695810317,0.002542427427074445,0.013000000000000001,1,1,1
1994-04-01,-0.04062038404726731,-0.042824182948082656,-0.015785323969921827,-0.03776578863852742,-0.040263621324510335,-0.011760465011490306,-0.023573961357045703,0.0029221087050734784,-0.0181,1,1,1
1994-05-01,0.015396458814472602,0.04068275967906909,-0.00790650813159166,-0.0068400825972237955,0.016222302538296818,0.0250319168338502,-0.009621504912653234,0.003261419526114473,-0.016,1,1,1
1994-06-01,0.006823351023502733,-0.005035698801480359,0.0005837991922843511,0.000508237196609862,0.0203269270227755,0.009252257461856761,-0.0002967429847872127,0.003463774719171253,-0.0096,1,1,1
1994-07-01,-0.02484939759036142,0.011742417689696083,-0.003287603085012192,0.003079622825575612,-0.02170503143810909,0.03442196659174046,-0.004743330623568909,0.003451411451788289,0.018000000000000002,1,1,1
1994-08-01,0.030888030888030826,0.011208710769512464,0.016508685455898675,0.008488280418256444,-0.002535218988105048,0.02283766510438845,0.02310280485885774,0.0037226115523736336,0.0113,1,1,1
1994-09-01,0.032958801498127244,0.025173693227803495,0.0010846522106893186,0.007084408025381794,0.0055504416997540496,-0.07464800466550026,0.00212700505383423,0.003866482611939448,-0.0108,1,1,1
1994-10-01,-0.01667875271936181,-0.028968716371815972,-0.013868348080002257,6.516116054866572e-05,-0.020316705605880503,-0.010668947510579008,-0.018640495130842982,0.004120753067547556,-0.042300000000000004,1,1,1
1994-11-01,0.01106194690265494,0.0317123881637813,-0.005104543791644156,0.0023541476625663638,-0.03709695414481751,0.013605132638667694,-0.007672599985104722,0.0039888026928049936,-0.0109,1,1,1
1994-12-01,-0.03938730853391692,-0.04837552772655773,0.0013691869834402404,-0.01259944888009601,-0.03250101384624304,-0.04599120129287115,0.0022740952778375068,0.004408628015398763,-0.0254,1,1,1
1995-01-01,0.024297646165527764,0.007012808967118644,0.007199773652600827,0.007367610564248839,0.06173652694610787,0.03958308825259382,0.009772147955561694,0.004517467674169939,0.0294,1,1,1
1995-02-01,0.02223869532987388,-0.039228177573391476,0.017253958166064676,0.013564773641036476,-0.014846878348654835,-0.023908349816907926,0.019383334396259944,0.005222275641976859,-0.0084,1,1,1
1995-03-01,0.0362581580855692,-0.00043399002112931573,0.022271950464299195,0.03428507351807464,0.03245981880894777,0.002221243247003235,0.030778050015422442,0.004492486771028981,-0.016,1,1,1
1995-04-01,0.030790762771168767,0.0619487553389928,0.006686982033812683,0.010760411443440088,-0.005960714731282568,0.01955821657937129,0.00805124339767005,0.00526204411456388,0.0134,1,1,1
1995-05-01,0.022403258655804503,0.03715396232290913,0.012125761095330256,0.02543206897014061,0.002259130653056163,0.03808469215025112,0.016381345513508005,0.004402203733248067,0.0006,1,1,1
1995-06-01,0.03652058432934924,-0.009769069967331068,0.0458995087540901,0.02803354611282982,0.04502511444115154,-0.009416681603371502,0.0538378348590991,0.004887472661397219,-0.010700000000000001,1,1,1
1995-07-01,0.03331197950032028,-0.015972057211963042,0.0033632831165992805,0.006367028813158315,0.017734698496811196,-0.02591917524681253,0.0030773494530318413,0.004873357402395362,-0.0195,1,1,1
1995-08-01,0.032858028518288895,0.060826959039483874,-0.006734120151295597,0.01262821582217355,0.01563338086578847,0.01692672937168127,-0.0076997463827613855,0.004376954254822207,-0.0004,1,1,1
1995-09-01,0.01800720288115243,-0.036476182953376735,0.018233455625695116,0.00311518703602931,0.014877502125357323,0.03833336303530377,0.02285031324288478,0.004660204949518576,-0.0074,1,1,1
1995-10-01,0.028301886792452935,0.018886660643057107,0.005345263032577652,0.012297631548824794,0.018302047240096986,0.0077234656048332795,0.00851066015398283,0.004554786954434897,0.012199999999999999,1,1,1
1995-11-01,0.0005733944954127157,-0.025930256551344733,0.018766137143960693,0.0061699868242512945,-0.018396879011853273,0.0023205709030216237,0.01636966906709314,0.00440995101845032,-0.011399999999999999,1,1,1
1995-12-01,0.03954154727793702,0.028449327147944015,0.014511640135679071,0.008819548615013328,0.010031109135927974,0.03435414462980191,0.018732939733649978,0.0044717561128000405,0.0141,1,1,1
1996-01-01,0.014332965821389099,0.039386066009476695,0.012432683294272495,0.01571218226906379,0.054862027783015854,0.09182382704691805,0.013532506913813691,0.00401493220280047,0.0108,1,1,1
1996-02-01,0.0320652173913043,0.006108773052267535,0.00529899600983863,0.017614969386003265,0.019151700056013077,-0.011010133686419898,0.0049549156062855815,0.004728838145150016,0.0103,1,1,1
1996-03-01,0.014744602422327668,0.00316591334969063,-0.013470647476904518,0.000787246604998959,0.007706160250713356,0.03843008683282689,-0.014860270717938717,0.0038887745283870956,0.0149,1,1,1
1996-04-01,0.019719771665801744,0.02143491337988257,-0.013461686713108989,-0.0006882989183873978,-0.0014389324049898233,0.09074693340854068,-0.014230270083467333,0.004277318705707467,-0.0042,1,1,1
1996-05-01,0.016284987277353613,0.02978913750894141,-0.007562290443176245,0.0022092276839891234,0.003253884324412315,0.0476898847880618,-0.010373013258411556,0.004135300834820832,0.021400000000000002,1,1,1
1996-06-01,0.022033049574361696,-0.016834572802023717,-0.0011214122093449186,0.006019322609978284,0.027139729645202948,-0.012429447341514965,-0.0014609616720536733,0.004608672290185245,0.0034999999999999996,1,1,1
1996-07-01,0.002449779519843265,0.004589279395568413,0.01198789195826433,0.008274390980658408,0.013780815120554069,0.04561165508579368,0.014480027374925708,0.003968410245513754,0.019799999999999998,1,1,1
1996-08-01,-0.04643206256109478,-0.029021671559213535,0.00986871114152077,0.004643659618597695,0.008609949274717366,-0.032236938080620336,0.011653054695075937,0.004441683406221308,-0.0077,1,1,1
1996-09-01,0.015376729882111695,0.004059316290026427,-0.009091678244905532,0.010815708583749917,0.04068600419102242,0.010782864162211414,-0.012476173548501723,0.00406784279000072,0.0177,1,1,1
1996-10-01,0.05401312468450281,0.027344878723014165,0.019699176754916614,0.02408233198307075,0.017391027882872834,0.031038892220603964,0.025402889958876296,0.004539805382640649,0.014199999999999999,1,1,1
1996-11-01,0.011973180076628287,-0.006421160397675152,0.01771758663919032,0.007691676989454166,0.03208333333333324,-0.0037792173819378716,0.022284712655644245,0.004297781415539381,0.024,1,1,1
1996-12-01,0.06862281116895397,0.04148571064554929,0.01823288997914685,0.01972124608016057,0.04549858700040388,0.08918867988644053,0.022180224537620807,0.004338563997181133,0.0173,1,1,1
1997-01-01,-0.011957484499557136,-0.013623828204742172,-0.010176601021748777,0.0071748047254078795,0.09964474649573285,0.00974252505828499,-0.013816839700563688,0.003956489329887569,-0.0168,1,1,1
1997-02-01,0.05423576871358149,-0.030926045065924557,0.0015248085465338068,0.009757340487717148,0.011131595118953674,-0.019516141264504405,0.001415490517388207,0.004765177833875978,0.0058,1,1,1
1997-03-01,0.003401360544217802,0.015403387585465556,0.0004795621417605922,0.016535549948048178,0.0008595391481012182,-0.06389640897827054,0.004190029325513267,0.0039000828336175353,-0.0137,1,1,1
1997-04-01,-0.0474576271186441,0.0012615505925901438,-0.009045801589158242,-0.0148919038440678,-0.009247291307025729,0.010861149280360749,-0.013788559840760994,0.004159970662465984,0.0060999999999999995,1,1,1
1997-05-01,0.04181494661921703,0.006388313477374785,0.014360013312695097,0.010547401900268705,-0.022799905438180224,0.02896067330689367,0.015255819242231183,0.004309535054806135,0.0054,1,1,1
1997-06-01,0.07173356105892403,0.06619144443636626,0.007259340273030768,0.021388009974226296,0.032005160966606105,-0.0021448999046712602,0.009392776976671291,0.00448771908661727,-0.0032,1,1,1
1997-07-01,0.0509960159362548,0.05363480556141109,0.014143239482407699,0.013878716634149635,0.04799486017416377,-0.043282116604304366,0.018024754998561043,0.003981220820697073,0.0096,1,1,1
1997-08-01,0.06520090978013648,0.018585774798140386,0.01748427785184603,0.027460431159728182,0.02993198406057651,0.050744603473994454,0.021932483645437983,0.0043589432444612886,0.003,1,1,1
1997-09-01,-0.0320284697508898,-0.0734392005033746,-0.0020675715711102605,-0.0022766078542970636,-0.002010939510939558,0.013363329451827832,-0.004419450023996907,0.0040069074493267465,0.002,1,1,1
1997-10-01,0.06580882352941164,0.05636300426219365,0.019457300700828073,0.01981378437754744,0.07988232449423704,0.02387630286347764,0.023063515054668082,0.0045650992958521375,0.0103,1,1,1
1997-11-01,-0.017247326664367013,-0.07521249696806831,0.013191250038094404,0.0008961492678869476,-0.025481224949806203,0.016905167101074703,0.007165123985331645,0.00457087900005404,0.005600000000000001,1,1,1
1997-12-01,0.027729027729027855,-0.010950530336708786,0.005706440086176823,0.009552945362567122,0.016949152542372836,-0.08421596917585439,0.00623909566144043,0.004004957220549388,-0.0042,1,1,1
1998-01-01,0.0003415300546447675,0.009754621569141309,0.010285331394247477,0.008771056089553086,0.019686699804187358,-0.0713578852785467,0.00999212167915875,0.004309661021406619,0.0049,1,1,1
1998-02-01,0.024581768521679814,0.04286242231823634,0.01537259916207101,0.018014305869128222,-0.004675244102397613,-0.016860782499828364,0.011865739714582935,0.00463919136833324,-0.0009,1,1,1
1998-03-01,0.05131622792402535,0.06535753988326709,-0.0031820535126867444,0.005853123531123217,-0.016970785316226422,-0.06571706914838793,-0.0003233107015842007,0.003965294424792765,-0.0005,1,1,1
1998-04-01,0.05895404120443737,0.03307384790988843,0.005396772217923562,0.009388757227470235,0.016493802557483006,-0.01226716584695764,0.007030858240873794,0.0042008818836967166,0.0037,1,1,1
1998-05-01,0.011074528584256393,0.00799790348456808,0.0026884564163864866,0.003938823313277995,-0.03214786980446904,-0.004038955564282687,0.00405683332670792,0.004130766748036585,0.0072,1,1,1
1998-06-01,-0.035820011841326216,-0.004969765301396478,0.01110949274328088,0.003473207080364915,-0.008478477710427312,-0.06877790077633805,0.01259121730034285,0.0043106169082494095,0.0024,1,1,1
1998-07-01,0.05004605465151979,0.005537833932600655,0.010579906525125748,0.0035961317876533894,-0.0062371832075835965,-0.03011879695743036,0.006411278747089355,0.004152352724211328,0.0046,1,-1,-1
1998-08-01,-0.04093567251462005,0.0067634685863831034,0.0010350978180344583,0.0056910377058503325,-0.06555104774215659,-0.09221704631480288,-0.0017523555584636474,0.0045585007597501725,0.0022,1,-1,-1
1998-09-01,-0.11920731707317067,-0.12748501339780194,0.026235475194227753,-0.05795244917981257,-0.10347413771551905,-0.026712201837291172,0.003708528694241542,0.003945890551342535,0.0202,1,1,1
1998-10-01,-0.0031152647975077885,-0.02829374268138729,0.0344460500909598,0.008968231440210639,0.06347598155859635,0.06218039386356211,0.04095532841710203,0.0038487199106946868,0.0022,1,1,1
1998-11-01,0.12569444444444455,0.10440278463517139,-0.009113719889139116,-0.021947566112623496,-0.027234667389195333,-0.02929577464788724,-0.022573018244268384,0.003509382758631885,-0.001,1,1,1
1998-12-01,0.0564466378778532,0.050917542862703336,0.0021484904321629195,0.042666454173355906,0.01820354546843128,-0.12277739671819776,0.021838720806155232,0.0035643933559774688,-0.006,1,1,1
1999-01-01,0.05547445255474459,0.03861599015422734,-0.00014622334719360808,-1.491204688353065e-05,-0.030126276219302417,-0.014771041340871593,-2.944340192989614e-05,0.0036704747303484275,0.011699999999999999,1,1,1
1999-02-01,0.03374827109266931,0.0004241755306240158,0.0009380865589403431,0.014127511086340139,-0.01928868427517294,-0.008490830005341787,0.004684583177115176,0.0038638875005936324,-0.006999999999999999,1,1,1
1999-03-01,-0.03398447952903383,-0.024921876337869686,-0.02496268551328873,-0.006808197775939662,-0.02432530221080076,-0.031160208521467836,-0.024170441568236,0.003460987130932125,-0.0002,1,1,1
1999-04-01,0.044598337950138456,0.04196670490287513,0.006612543025676487,0.011309420260351644,-0.014481729059495851,0.15785682888207475,0.010562566009780783,0.0038309462157521956,0.0067,1,1,1
1999-05-01,0.053301511535401636,0.04311682685224705,0.004439354417592023,0.019254945951831637,0.10903670255875886,0.05319032154782044,0.005080954494301793,0.0038266727367077813,0.0069,1,1,1
1999-06-01,-0.03776435045317217,-0.0502905364908387,-0.01568752009251584,-0.0146899613809498,0.016694941058767343,-0.07204495806895728,-0.02057097236801253,0.0036321052414585164,0.0006,1,1,1
1999-07-01,0.06331763474620633,0.03933041658500991,0.0027452075711644763,-0.0011297437850426029,-0.01778135268346126,0.07499882997145124,0.00038844174480789917,0.0038109292458008426,-0.0006,1,1,1
1999-08-01,-0.03887795275590544,0.029020369644491506,0.0007859456396901443,0.004188428190164739,-0.03637203143240464,0.053157447920068046,-0.003833618348254686,0.004056169367500528,0.0018,1,1,1
1999-09-01,0.0002560163850486852,0.003071224117755955,5.577616578467115e-05,-0.01206780350716552,-0.020874958186798742,0.05523242595233646,-0.002673966892492996,0.003937103536495679,0.004,1,1,1
1999-10-01,-0.03404146403890451,0.011024903688487964,0.002631930464386034,-0.007743228582461459,-0.04038706579749218,0.05528742566577605,0.00550199920821437,0.003900583526046164,0.0019,1,1,1
1999-11-01,0.06041335453100172,0.03885979883074908,0.004618124441821525,-0.0049238444161529005,-0.016011084597028713,-0.03979894498086345,0.00815044180953084,0.0041840678783355845,0.0060999999999999995,1,1,1
1999-12-01,0.043228385807096315,0.03518090010332342,-0.0012649491154907988,0.011518505965040449,-0.024554095282797506,0.034791114135267476,0.0017379683150398062,0.004235561992239845,-0.008,1,1,1
2000-01-01,0.062035928143712615,0.09215017894589272,-0.005199817931527018,0.011333948268148264,0.020500636572333697,0.03369984719248875,-0.003943528276244446,0.004779131920853219,0.0045000000000000005,1,1,1
2000-02-01,-0.022552999548939967,-0.06058060005050592,0.004779757214081304,-0.0034989796159861086,0.0182911255623881,0.0891834160410876,-0.0010450931674531594,0.004290508075979638,0.009000000000000001,1,1,1
2000-03-01,0.023765574526995792,0.02854171493565305,0.012908543361318525,0.000644889026108153,-0.02046112290179425,0.0789442246940455,0.007137918249140673,0.00447929101711475,0.0292,1,1,1
2000-04-01,0.032454361054766956,0.04123877594798109,0.019471439816557634,-0.02055924956274413,0.035848294743891396,-0.05042104680416559,0.008147991160489143,0.005235379019072228,0.013300000000000001,1,1,1
2000-05-01,-0.02728661864221782,-0.05168686333299577,-0.0036567823967393887,0.0021622709810187324,0.08379999809847982,0.012628421884514074,-0.009854701141506994,0.004411871559966363,-0.0025,1,1,1
2000-06-01,-0.024910233393177772,-0.024031847168433318,0.006725022615311271,-0.010099826461545502,-0.005667014641249968,0.11420867623869735,0.0028736978400916158,0.004991571448271559,0.0126,1,1,1
2000-07-01,0.029459148446490113,0.04345473583441217,0.012298032705682305,0.019631606736527196,0.05015571651653761,0.056032082307078346,0.019466862799665918,0.005071753616548547,0.0086,1,1,1
2000-08-01,-0.02749832327297108,-0.03802977203723634,0.012392759543329523,0.0075241729951665,0.07656764567511276,-0.06722700497182454,0.014131729754920164,0.004802954286886596,0.0074,1,1,1
2000-09-01,0.0735632183908046,0.013265151667511743,0.014916096467508355,0.008837935815222853,-0.054656407535155216,0.14767355788565673,0.012492777838129188,0.005261114159346603,0.0052,-1,-1,-1
2000-10-01,-0.05631691648822279,-0.05160885775382529,-0.0016160823620235965,-0.010597099893757123,0.012027207739677248,0.008018993689930642,0.0035178637214727804,0.005184833402144484,0.0121,-1,-1,-1
2000-11-01,-0.019060585432266963,-0.027053187455441163,0.01112771292470538,-0.03167735894348955,-0.029494530950497255,-0.011910129908079492,0.0021553579758180064,0.005097103607796916,0.014499999999999999,-1,-1,-1
2000-12-01,-0.09090909090909094,-0.04007645200649723,0.015898426732265936,-0.04273192111029944,0.020313826344940056,0.05276192175808481,0.0070035376456669685,0.005159711266709888,0.0109,-1,-1,-1
2001-01-01,0.012722646310432628,0.035245912031463655,0.02223859354958546,0.022265361676218065,0.06593904448105437,0.004478125909634478,0.021616411821897108,0.004472844379925567,0.0208,-1,-1,-1
2001-02-01,0.04271356783919611,0.004522179270031623,0.012945770525278233,0.07726312858236839,0.01427301881689269,-0.018442594297159665,0.03355838968919467,0.004922837651345269,0.0169,-1,-1,-1
2001-03-01,-0.09831325301204819,-0.08344133300179724,0.009936127491940505,0.011456369935555655,-0.00557705787340379,-0.04511224640172917,0.006818383619541457,0.003803552528148346,0.0096,-1,-1,-1
2001-04-01,-0.08204168893639763,-0.07248111341601704,0.00040156131262780725,-0.023881359902884425,0.00371590560833579,-0.05118668220272493,0.002950880104841902,0.003942026655335384,0.005699999999999999,-1,-1,-1
2001-05-01,0.11411935953420671,0.09128880769021674,-0.009637441874358665,-0.011103717117942669,0.027174535323079452,0.07118710233603442,-0.00029105425831721377,0.0031100663194831846,0.011899999999999999,-1,-1,-1
2001-06-01,0.0018291089626338852,-0.04501932687229848,0.002992676627396662,0.016648617640731667,0.02634414595177037,-0.039318506220705984,0.009071046710657171,0.003119667805626891,-0.0013,-1,-1,-1
2001-07-01,-0.015910276473656948,-0.031186766337506278,0.002861044768044163,-0.028076984287739748,0.05352979509086975,-0.07570153531649437,0.001819169179247071,0.0030112028398241453,0.0167,-1,-1,-1
2001-08-01,-0.018022793532997627,-0.01736063627589124,0.023259241882290782,0.015421858921995657,-0.010638955897816604,0.008641623439548551,0.026374863614295085,0.002931323579728584,0.0014000000000000002,-1,-1,-1
2001-09-01,-0.06477732793522262,-0.047902571223900514,0.014405984966030516,0.011099362844896543,0.027960126428397736,0.010486250042385903,0.013701788785777103,0.0028062130814874298,0.0058,-1,-1,-1
2001-10-01,-0.09408369408369399,-0.09488516079465936,0.018174979511411005,-0.06688729239312474,-0.040829841870522965,-0.11533739929474873,-0.0008672091253481007,0.002366597171352902,0.023700000000000002,-1,-1,1
2001-11-01,0.05160879260911111,0.04317621873298272,0.02712027793698546,0.024822378209137463,-0.011561385957248982,-0.06231231705852236,0.02360822697243714,0.0018585923885547917,-0.0223,-1,-1,1
2001-12-01,0.04574371402605282,0.014860994619424028,-0.02628437669872752,0.03603607018448263,0.03184672516162146,-0.026098535286284807,-0.009948820851721218,0.001662966898472007,-0.0116,-1,-1,1
2002-01-01,0.026361529548087903,0.020026595519292423,-0.009553648841255202,-0.004077548422030897,0.03246641108002635,-0.022734274133532795,-0.007236585639812554,0.0013129001719724975,0.0059,-1,-1,1
2002-02-01,-0.019192774484899755,-0.0526033081883277,0.009135524349972002,0.007301307990294381,0.0043020105041313705,-0.006563125365257494,0.00993818789880474,0.001467820876902337,0.0151,-1,-1,1
2002-03-01,0.008057553956834607,0.020079924688843898,0.0006882689022600363,-0.014648120525603714,0.027686732219468713,0.03959968910660927,-9.390630457273286e-05,0.0013413774081600938,-0.0060999999999999995,-1,-1,1
2002-04-01,0.02026834142163869,0.045756439358402234,-0.01838753757359235,0.024352058330942894,0.052474977959861,0.12986429529234655,-0.01379316594472857,0.0015397156686292046,0.0273,-1,-1,-1
2002-05-01,-0.04057078903189715,0.006823935529321368,0.026380493682978345,0.015831291868103392,0.017288847553877718,-0.01952309261327767,0.011732334045320592,0.001428731569049324,0.0159,-1,-1,-1
2002-06-01,-0.04257801108194814,0.009289674325346775,0.0037839687170211356,-0.005319347592955159,0.005709407505176456,-0.03150849472485007,0.015320798834839833,0.0015845194053221157,0.014199999999999999,-1,-1,-1
2002-07-01,-0.06944867499238494,-0.038658712323592304,0.01489116538918589,-0.0738946818857994,0.01707312668187755,0.04108411167155723,0.00021143024428327273,0.0013216990496818237,0.0166,-1,-1,-1
2002-08-01,-0.0844517184942718,-0.12563159724127837,0.025258269484579765,-0.041355916496610745,-0.055106691526828344,-0.014749815013248457,0.001352054504951239,0.0014495928522801904,0.0358,-1,-1,-1
2002-09-01,0.033607436539149216,0.01596213877428032,0.018622113020410724,0.026203010395814408,0.01655651956024684,0.07693793920129655,0.021291072169451697,0.0012986608425373802,0.0253,-1,-1,-1
2002-10-01,-0.06883431338637147,-0.09450699897772841,0.022091245329954212,-0.013464636929725216,-0.04086197759400534,0.05301750081022272,0.014707448965152192,0.0014518393767875004,-0.026699999999999998,1,1,1
2002-11-01,0.05794947994056465,0.04809754056230009,-0.008977474175621336,-0.007372248834285555,-0.0364350099905556,-0.05514885712244377,-0.011517072689181673,0.001364131218930087,-0.0007000000000000001,1,1,1
2002-12-01,0.04178370786516861,0.04639939658303871,-0.007265798290427616,0.06085292290426669,0.046294073718461615,0.01122915800219304,0.01803884704826797,0.001065137464779653,0.0336,1,1,1
2003-01-01,-0.05493764745534213,-0.029936647830369645,0.025671901361325133,0.013984943941211414,0.002179468388149308,0.07241341624053055,0.030530392977402343,0.0009558820491137876,0.0075,1,1,1
2003-02-01,-0.021398002853066922,-0.024057010343129237,-0.0031539903593612584,0.033286881611452435,-0.03217580964129685,0.08142116950407097,0.004211873479098127,0.001105645189033,0.0375,1,1,1
2003-03-01,-0.02696793002915454,-0.024631178494013084,0.01726632209271406,0.0123416723011045,0.02260169118468358,0.09980185300915578,0.02054221517377952,0.0009064936974976234,-0.016200000000000003,1,1,1
2003-04-01,0.02921348314606753,-0.01910753930807363,-0.004124126158348229,0.031200242221312013,0.03901285650953157,-0.13918269539733152,0.0007172770893735247,0.0009097925261059014,-0.0026,1,1,1
2003-05-01,0.06986899563318771,0.09318749087072753,0.004997647181740117,0.05698218270499544,0.03346669717338746,-0.039818731909208815,0.02038096725431915,0.0009446381665374481,0.047400000000000005,1,1,1
2003-06-01,0.06530612244897971,0.07578216167899932,0.028581540252714754,0.010178437203830049,0.059739715781600644,0.11964130796553851,0.031685171160855896,0.0009512856749260834,-0.0102,1,1,1
2003-07-01,0.01819923371647514,0.0065380599031439335,-0.007230897786137169,0.028745941906378025,0.029405620267744847,-0.017772514735300615,-0.0037220583213439795,0.0007312734428601697,-0.0462,1,1,1
2003-08-01,0.005957980558168652,0.019391227857081583,-0.0420706877589786,-0.015255196704298868,0.036524295595034895,0.041773935477469104,-0.04010945903328511,0.0007697391918353169,0.0179,1,1,1
2003-09-01,0.034912718204488824,0.04485124277729735,0.00513518068927965,0.01588910994797832,0.011604648209296409,0.0035670513986389984,0.006268732292130208,0.0007356465177459359,0.0331,1,1,1
2003-10-01,0.010542168674698704,0.03531735684022519,0.030220199488217414,0.031136587612321964,0.040560969613274045,-0.03817439062556727,0.036168794007523264,0.0008608115540038597,0.0055000000000000005,1,1,1
2003-11-01,0.047988077496274206,0.042672922892461385,-0.015386801896955182,0.016434998529050837,0.026346877937694524,0.006929574407199546,-0.010861586183181005,0.0008443714824966086,0.0006,1,1,1
2003-12-01,0.016496018202502905,0.03781782458690164,-0.0018487878438075978,0.01640020335292358,0.044194862953311986,0.04288377722191328,0.0024278922390459368,0.0007236235466145935,0.0102,1,1,1
2004-01-01,0.033016228315612794,0.06160019424506835,0.012196942717875192,0.021395573929889444,0.021417816283356927,0.05743791654235486,0.014062815181810073,0.0007408199998228948,0.0115,1,1,1
2004-02-01,0.02518959913326113,0.017140972613469474,0.008430283813778416,0.019091148097963417,0.05692229268942328,0.028904953490903607,0.010480588297700155,0.0008117789672972275,0.0231,1,1,1
2004-03-01,0.022192866578599535,0.03486966656038959,0.01184053060284107,-0.0005599072396715865,0.021016910857361237,0.06447280604761563,0.012237525556722195,0.0007178960949174584,0.016,1,1,1
2004-04-01,-0.014990953734815182,0.0035609994122538513,0.006634903181009344,0.005148359261869961,0.05210545353958773,-0.014573698822530012,0.006664041810277466,0.0008064587417475622,-0.048600000000000004,1,1,1
2004-05-01,-0.01836788244555243,-0.035550412636395134,-0.028973923900093235,-0.007124221648095341,-0.14734921874051987,0.06710566969300324,-0.028557329199325077,0.0008363834264271119,0.018000000000000002,1,1,1
2004-06-01,0.005880780539962771,0.0008587202819838602,-0.005728157007102719,-0.01675667225648747,0.043553130929791184,0.07539982064517203,-0.009846390447654674,0.0008255014785707449,0.0005,1,1,1
2004-07-01,0.00956683497209676,0.02656814081111647,0.00941999698043161,0.01671992819449919,0.04161723057900457,-0.06483026069861642,0.009555300446862924,0.0010520532334865607,0.009300000000000001,1,1,1
2004-08-01,-0.023427217688865465,-0.030655127770539803,0.006436922846506432,0.0110372357439259,0.015536624537392685,0.04353410989356665,0.009936742702933765,0.001181045540384451,0.0268,1,1,1
2004-09-01,0.0024258760107815913,0.012391742289318497,0.021259641084917957,0.020967349595965246,0.05933492625571568,-0.0073709337588288015,0.02422039857699443,0.0012277047065623048,0.002,1,1,1
2004-10-01,0.02877117504705562,0.034545429683528805,-0.000981226262550261,0.013335389946192988,0.021817178695593853,0.1008696115902783,0.0024962225990812215,0.0013782912703261818,0.01,1,1,1
2004-11-01,0.001568217459487764,0.0282382337340521,0.007960248162755645,0.0199987496534364,0.040304747082947845,0.01256274180225092,0.00984626445099357,0.0015114009856844746,-0.0024,1,1,1
2004-12-01,0.06132567849686854,0.0675745461394397,-0.011014791547131586,0.010223700918440937,0.05464578888918581,-0.07095631529296142,-0.007619828485533331,0.0017268270193833146,0.0175,1,1,1
2005-01-01,0.010818785345463322,0.031212151591782922,0.010435771742469235,0.014660029755310111,0.015122018295507189,-0.07500583792768412,0.014242302520127925,0.0020024115063301817,0.0001,1,1,1
2005-02-01,-0.00948674288494289,-0.012256382660080445,0.0072185386896779224,0.0005173541106904267,-0.06114832228880229,0.07419475184845115,0.00800033378876086,0.0018808958463156777,-0.0042,1,1,1
2005-03-01,0.02062868369351678,0.041427339741654245,-0.008575701888126952,0.01215933022994764,0.0261260474528906,0.07508100480144408,-0.006427654881647316,0.0019785721706317982,0.0009,1,1,1
2005-04-01,-0.028873917228104062,-0.020340525517452135,-0.0006441753006620754,-0.027180331067343078,-0.03066329211346186,0.10033444872034569,-0.010629307369097507,0.002360634595304001,0.0191,1,1,1
2005-05-01,-0.01114965312190297,-0.026936042201764154,0.015268896644345498,-0.010991171437204406,0.046928858537777174,-0.10017420834234647,0.010730135814351227,0.0023977854686059175,0.0069,1,1,1
2005-06-01,0.042094713104485315,0.00917027707821605,0.01750239262759501,0.02305913807065818,0.050531420341640265,0.021909078936891424,0.01930480738837237,0.002368082745085154,0.0042,1,1,1
2005-07-01,0.0021639817263765515,0.0062728305509804905,-0.003622266308505373,0.01527968859011386,0.0428947258819119,0.046888772131360223,-0.0023705614415919785,0.0024760629536348944,-0.021,1,1,1
2005-08-01,0.03934740882917476,0.04343777513921676,-0.010458364929745168,0.015451761732035774,0.05601315215835845,0.04274609884249192,-0.006569975802355632,0.0027667648991880345,0.0231,1,1,1
2005-09-01,-0.009002770083102463,0.0418420191815112,0.01846905120804898,0.002921898044731641,-0.03629212704135332,0.1569039204044156,0.016781330802212446,0.0029685765632432304,-0.0014000000000000002,1,1,1
2005-10-01,0.006522245515956149,0.020982259470658793,-0.014074158332165965,-0.009920644930204947,-0.003917618820266977,-0.02623599889391437,-0.01585799395603904,0.0030421346852762543,-0.0128,1,1,1
2005-11-01,-0.02129136773894935,-0.0225861074677417,-0.008659970121463134,-0.0061017087332139175,-0.0497439264609324,-0.10239445562454941,-0.012161025320314378,0.002984964840463622,0.0017000000000000001,1,1,1
2005-12-01,0.05675100496571295,0.030303087265795003,0.004623461523220351,0.005062570811908307,0.07750960448854372,-0.012242051740716131,0.005144815054196394,0.0032406219060541197,0.0123,1,1,1
2006-01-01,-0.011635712687402044,0.039816849198663906,0.011298757822132188,0.007859104855225674,-0.014034108944700363,0.005606004215768623,0.011474253096355191,0.0031296402055969175,-0.0001,1,1,1
2006-02-01,0.0369028752546976,0.06186330586694577,-0.004669102451203111,0.01720379224874069,0.07369612300247796,0.023772020112500014,-0.003848887053500838,0.0038622699945345396,-0.0004,1,1,1
2006-03-01,0.007860262008733576,-0.0015193795247291364,0.001442493621202967,0.005368519776203673,0.017324513580964984,-0.07821395607117965,0.003847411301607151,0.003452687742731664,-0.0219,1,1,1
2006-04-01,0.00974870017331031,0.04043094735021713,-0.008790658552874975,0.006064865105621653,0.023981208021721434,0.05153820499530126,-0.011708389134093777,0.004145504762679941,-0.0009,1,1,1
2006-05-01,0.006650933276121096,0.04451002586518338,-0.007117815542371675,0.006731729392840835,-0.025068107215439728,0.0775511519712968,-0.006409626897101339,0.003586772425850704,0.003,1,1,1
2006-06-01,-0.01577152600170506,-0.040916121845522624,0.0038781848867175395,-0.0009039404474261437,0.0038440777642914092,-0.033597284110182146,0.0017127422183660368,0.004067487214591603,0.0028000000000000004,1,1,1
2006-07-01,-0.003681247293200518,0.0012741996210348105,0.002702876781465635,-0.003312148947668403,0.042978521137221115,0.020532568655306394,0.0007827265105893044,0.004264859181767555,0.0163,1,1,1
2006-08-01,-0.01434470767224505,-0.002936444238382907,0.012587669502680976,0.010761921468518398,0.013062661467427406,0.018540140283580087,0.01500375838357737,0.00398867534026115,0.0173,1,1,1
2006-09-01,0.03439911797133388,0.0407951152898085,0.01506694970298228,0.01638910532281823,0.032449256740228805,-0.08653869789525337,0.018791848304033465,0.004281158533921525,0.0016,1,1,1
2006-10-01,0.012577275634193308,0.0023072375514896493,0.008654957581492262,0.013028588623299253,0.024076535113996433,-0.11017538302326768,0.010903583273237816,0.004151954211245368,-0.0017000000000000001,1,1,1
2006-11-01,0.03178947368421059,0.03563726715839488,0.00755365013251863,0.01579722222549651,0.05517158850669479,-0.006890797747871269,0.011149940911326484,0.0041040238519312044,0.0124,1,1,1
2006-12-01,0.028565598857376084,0.026507150355746578,0.010113019769510734,0.016573854781794406,0.05164922679892725,0.05163648537941268,0.013876542777086387,0.004128516085143863,-0.023399999999999997,1,1,1
2007-01-01,0.014481253719500264,0.029393406059163185,-0.010243837460108374,0.009026758380114686,-0.009938028115009656,-0.06882235577821993,-0.011328028767401688,0.0037759181851182433,0.0013,1,1,1
2007-02-01,0.025029331247555797,0.019393587516774335,-0.002219650063143064,0.012491374141656353,0.08274212795209346,-0.03348507838364245,-0.00027790545469075223,0.004699041147471661,0.0213,1,1,1
2007-03-01,-0.02422739412438002,-0.01401363609884787,0.017076090326842763,0.011031137012688097,-0.041229715440520454,0.05458928787124728,0.020776240162067028,0.0039182369045311916,0.0024,1,1,1
2007-04-01,0.016617790811339184,0.03818306407389871,-0.0006533309474963112,0.0026655320841875163,-0.008704066405521349,0.030481225901615394,-0.005563381919345245,0.004398653834799537,0.0070999999999999995,1,1,1
2007-05-01,0.03942307692307678,0.038662560354708386,0.0049058106799193535,0.012995744502626971,-0.014385612505792067,-0.00835058234992092,0.006860977964746828,0.0039287148889475265,-0.0131,1,1,1
2007-06-01,0.03866790009250698,0.035342868321244,-0.011290418764132615,0.007070052051598941,0.009037517510637638,0.0025243939160009,-0.012921908692187012,0.004084122182101968,-0.0015,1,1,1
2007-07-01,-0.009440684004275002,0.0022026130909056363,0.002388172188198645,-0.017567249288558795,-0.0676816029591929,0.02739975924043314,-0.0014687361067594606,0.003975177012008224,0.0227,1,1,1
2007-08-01,-0.03938140622190245,-0.037720603731582925,0.017001137069088568,-0.03666891741795575,-0.10488050512302105,0.034798011201484735,0.002251612591171348,0.004019942399380527,0.0087,1,1,1
2007-09-01,0.008423811306626616,0.004194675287204186,0.015174703477052853,0.014964919370489493,0.04818949319412669,-0.0288289531307222,0.00815466390472297,0.003522951613952996,0.013300000000000001,1,1,1
2007-10-01,0.05030629292741784,0.06210877745468468,0.006121065893721633,0.026793657792059555,0.06266137819342932,0.0916996503441756,0.008702413661684893,0.00333943852274432,0.011200000000000002,1,1,1
2007-11-01,-0.02120890774125128,0.027192998867222373,0.013322851782245682,0.0032314141654243844,-0.04902591867941186,0.09782777882031879,0.016433917229907502,0.0033630374710247324,0.0397,-1,-1,-1
2007-12-01,-0.024377031419284934,-0.03249586160198226,0.024447627547883766,-0.0195869906306948,-0.05694976563001641,-0.02755040662771968,0.0006147403604881418,0.002898421049492006,-0.0016,-1,-1,-1
2008-01-01,-0.00037016472330198,-0.015614050322516393,0.0008043015211935955,0.0029133868790676143,-0.036912523192673685,0.05584096098351932,0.0015804734361417605,0.0023250018289540098,0.0385,-1,-1,-1
2008-02-01,-0.04721347898537298,-0.07551638214260326,0.028109232415853835,-0.011846225597974547,0.03503686618297297,-0.02125390940113947,0.01386495673099053,0.002490508533715241,0.0134,-1,-1,-1
2008-03-01,-0.04372328021764482,-0.01566883483997783,0.008615712296223377,-0.015138132225758327,-0.07036842030367285,0.14585933648064642,-0.0025290028259088437,0.0018178105179664783,-0.0076,-1,-1,-1
2008-04-01,0.027027027027026973,0.013101385453928582,0.0006344940600244708,-0.0016134166893921886,0.09242591231937314,-0.02916943134357808,-0.017717193455759284,0.0009690002635207584,-0.011200000000000002,-1,-1,-1
2008-05-01,0.03185595567867039,0.041514423471007644,-0.011144657330723784,0.04393550989900419,0.030793374996496814,0.07535253594369551,0.016503578911926553,0.0010766740688008536,0.0002,-1,-1,-1
2008-06-01,-0.005369127516778538,0.019735168307315476,-0.01184960750022035,0.0009644964584041293,-0.03379388719421006,0.11395054634622781,-0.011693630431593771,0.0015413372014174698,0.0169,-1,-1,-1
2008-07-01,-0.06959706959706957,-0.08918352782222583,0.0077349650557609895,-0.03248894522760859,-0.09465710716175002,0.09227275518605893,-0.008183643007874775,0.0014853898397686471,-0.003,-1,-1,-1
2008-08-01,-0.01616245337753841,-0.03514531143079935,0.0061315072458845155,-0.013523534771412327,0.026166440817037007,-0.1259881088480399,-0.0036072458695888265,0.0014085277064337376,0.0045000000000000005,-1,-1,-1
2008-09-01,0.020219039595619215,-0.03624250279957619,0.011138782787427193,0.008403207268035118,0.018729915467021296,-0.07389228745289844,0.005084657488121147,0.0013349277325074294,-0.0366,-1,-1,-1
2008-10-01,-0.09744013212221303,-0.12504212226279676,0.010593447622627927,-0.08684895951707772,-0.02480147227152585,-0.1370946225885732,-0.07837974305240047,0.0011250268945328656,-0.0885,-1,-1,-1
2008-11-01,-0.1731473010064044,-0.20494462389371604,-0.005435789169183081,-0.15255410048646578,-0.3122017993408718,-0.2952563707033523,-0.06373941196007205,0.0005768140655963983,0.0219,-1,-1,-1
2008-12-01,-0.16293222683264175,-0.11189387365335712,0.06597663922228314,-0.09454657060704941,-0.33730784915161083,-0.17563014071207117,0.05002084405504492,0.00013109834072810855,0.0344,-1,-1,-1
2009-01-01,0.12029081295439514,0.10803215365942953,0.02263485557824141,0.07852632978852814,0.4228659719342367,-0.07430868996368734,0.058473255232440735,2.282216558935346e-05,0.0169,-1,-1,-1
2009-02-01,-0.08082595870206488,-0.11402072733674262,-0.030519025768259378,0.05993675197480908,-0.14811942066592387,-0.11370398699301598,0.004533739795001601,0.00011586373488503554,-0.0196,-1,-1,-1
2009-03-01,-0.1482670089858794,-0.12688268516846246,-0.005387132241495229,-0.03102464464524113,-0.2688971294242294,-0.09727542289119195,-0.019672412089279834,0.00022584959820992623,0.0634,1,1,1
2009-04-01,0.16088922381311233,0.14061021149180042,0.02406494173616136,0.030140953541115456,0.11736068654756249,0.09729253046481956,-0.002470994682225558,0.00017081137744168196,-0.0294,1,1,1
2009-05-01,0.09250243427458615,0.11620355574111607,-0.02194351497649949,0.12694985765594957,0.24267417825153004,0.04477132391030225,0.03143180225031861,0.00013218074840049,0.0178,1,1,1
2009-06-01,0.07694592988710647,0.15373303623001688,-0.01842386356414405,0.07100048430058936,0.10073221245576547,0.19528505693116127,0.03408104394241551,0.00014853749051169096,0.0113,1,1,1
2009-07-01,-0.017931034482758568,-0.02011168803285457,0.008318709545360292,0.024420861242216096,-0.04828785050421247,-0.030867638826869492,0.03366960159317167,0.00014910013682145618,0.0037,1,1,1
2009-08-01,0.08904494382022476,0.1046580088692608,0.003720426899839202,0.05776671686227641,0.10718362772162138,0.04009175675602483,0.043311588296548464,0.00016603186759533983,0.011200000000000002,1,1,1
2009-09-01,-0.00386897085375304,0.009507310886393228,0.010644806785495842,0.01861260205850357,0.049355116885064776,-0.0764764688136702,0.01863298087658971,0.00013736271765418806,0.0229,1,1,1
2009-10-01,0.03625064733298822,0.0360193777307507,0.011420568371337536,0.05520585505329079,0.0713433942376831,0.01879066514324501,0.021766613862726603,0.00010169289447192753,0.008,1,1,1
2009-11-01,0.007496251874062887,0.002537896323228761,-0.005896599878750353,0.01966422494199005,-0.002572151561008429,0.08049207023591287,0.002775924252955475,6.545083940689977e-05,0.026000000000000002,1,1,1
2009-12-01,0.0637400793650793,0.05335681743637788,0.011013920240782626,0.011691574847496833,0.07683273426398052,0.01174311689515295,0.010788996299956555,3.973540892410199e-05,-0.0202,1,1,1
2010-01-01,0.013989274889251613,-0.010725896381197586,-0.022955110120247202,0.031149814514429774,0.052289408212138566,-0.001588723082814214,-0.004352601862900984,4.3824077298637576e-05,0.0166,1,1,1
2010-02-01,-0.020694412508622584,-0.043309927133166726,0.013469485103108303,0.011713971505888043,-0.030857754089593126,-0.06551654018995334,0.012529393890305718,5.4923769897463615e-05,-0.0121,1,1,1
2010-03-01,0.030993190889880173,-0.0016932018779263203,0.005231116360933541,0.005022543195656537,0.041503488119840615,0.030896331339440586,0.007004359360181178,8.471818350197502e-05,-0.0002,1,1,1
2010-04-01,0.0583010703712139,0.07491658801538637,-0.008753052224660607,0.02962943574508725,0.0901722613226923,0.04342543617056349,0.0023836188120534008,0.00012911125885239905,0.0252,1,1,1
2010-05-01,0.027329459866580752,-0.03178080411469808,0.011438159224809397,0.02275741913108531,0.09565581738343432,0.019023415104858943,0.019121499761220795,0.0001436980518401132,-0.0006,1,1,-1
2010-06-01,-0.10892333472978644,-0.10458624543292283,0.017200399228126884,-0.03723627596406254,-0.10062196550890734,-0.14927153162021722,-0.005279097933441723,0.00012790793432171377,0.0123,1,1,-1
2010-07-01,-0.04090267983074758,-0.019926018730171524,0.01886735279253582,0.013099297227820994,-0.02826751752688128,-0.0036290929798474814,0.022829739053660703,0.00010102850522186735,0.004,1,1,1
2010-08-01,0.09705882352941186,0.12954370641808932,0.005844877745462718,0.03629334282274055,0.12631490511679688,0.10513881120284396,0.01784085448276751,0.0001407249143241529,0.0126,1,1,1
2010-09-01,-0.03842716711349414,-0.028892966315680946,0.014885273831085177,0.002481014748205501,-0.014271905914822303,-0.058113933520966055,0.014113794739939234,0.00012786066340431113,0.0138,1,1,1
2010-10-01,0.06575278810408913,0.07108309133529045,0.004581201964708015,0.030318746320540546,0.01863733963091052,0.07038943994900748,0.01215966983152339,0.00012550926112409044,0.0255,1,1,1
2010-11-01,0.034881185960322636,0.03229536455741289,-0.0014490850943849054,0.023877627372287602,0.04773578481443663,0.02854589455133638,0.0013483371703564284,0.00011498707708690326,-0.0255,1,1,1
2010-12-01,0.026121761112281483,-0.026194562629052398,-0.013963168471974097,-0.009912287549349585,-0.014366661545915482,0.03153130787965752,-0.0166467314620502,0.00011847559840383326,-0.0089,1,1,1
2011-01-01,0.05871484294805995,0.06360869446630701,-0.010030463527820777,0.01590302509759045,0.056493889919641216,0.06611306532123407,-0.00023987312945095152,0.0001260477721056752,0.0013,1,1,1
2011-02-01,0.026565832848555404,0.0380317462543025,-0.003348046469747068,0.023391122420503674,0.022736235272088567,0.02687442871985879,-0.00040749360832426085,0.0001219475193889874,0.0129,1,1,1
2011-03-01,0.002077823951643465,0.019255791320000215,0.0026032049303035265,0.013299535222187187,0.011292931030178366,0.054519713408682335,0.011102532494950301,0.00010034648708545646,0.0102,1,1,1
2011-04-01,0.025070688030160326,-0.014520190461543292,-0.0012736760827771754,0.003683911331351375,0.014927502043548202,0.03476358606076424,-0.0014046543411411205,8.400258307950104e-05,0.021400000000000002,1,1,1
2011-05-01,0.020963589554983564,0.05729683017616649,0.011570053462559127,0.013533720071488231,0.046796791386039205,0.029729196901201682,0.016504685238227346,4.9580693161521694e-05,0.008,-1,-1,-1
2011-06-01,-0.0318804034582133,-0.03944265378732348,0.018920340681722658,0.005528727625636831,-0.018999842507080755,-0.07753568377822706,0.018863208246126417,3.3829854496625344e-05,0.0015,-1,-1,-1
2011-07-01,0.020465116279069884,-0.0042771733790123445,-0.008688499030292007,-0.008941011275310218,0.018549320981156026,-0.045047180976872436,-0.013979921548510799,3.091244196640197e-05,0.0437,-1,-1,-1
2011-08-01,-0.03974475843208747,-0.02999253572302174,0.0224747808303567,0.010422008895227819,-0.024495617661650315,0.028334385648744576,0.03043206377166463,3.382766438053686e-05,0.0141,-1,-1,-1
2011-09-01,-0.06797038162141633,-0.0771098133268685,0.02833226166550684,-0.0370451840872047,-0.05807251382678902,-0.021868842482086426,0.0016298904717260143,1.8662907645961013e-05,-0.0109,-1,-1,-1
2011-10-01,-0.09411285394173974,-0.12021946998686173,0.013968803708986233,-0.035966443803541415,-0.1311993115937954,-0.12408464121405405,-0.0025732645303152557,1.2830509551919889e-05,0.030899999999999997,1,1,1
2011-11-01,0.11715763436024296,0.07646508387459106,-0.00021494695749935122,0.05137572122690859,0.1488044952403147,0.0968329458262902,0.023859985772996195,1.3996739925969948e-05,-0.0074,1,1,1
2011-12-01,0.02375201288244755,-0.0020485273552490746,-0.0031047150272214274,-0.010091759193041505,-0.01115174601743485,0.01849501103187423,-0.027318346386778436,1.1080597349222288e-05,0.0034999999999999996,1,1,1
2012-01-01,0.01179709005112084,-0.0062831066697054405,0.011633330475690373,0.022926679356334523,0.05726228331110894,-0.01572085078398744,0.02346664068148563,8.747743082127002e-06,0.0226,1,1,1
2012-02-01,0.06043528954527777,0.06657164310431951,0.001594103551451953,0.03228932036391563,0.07367521782132846,0.02245840236761487,0.020005811412914465,3.149159961579606e-05,-0.0077,1,1,1
2012-03-01,0.03793293018141841,0.03907934600700225,-0.0070760522595378905,0.022561254342658765,-0.009799221383587797,0.07509976538392937,0.007894068287279232,7.347808516100507e-05,-0.006,1,1,1
2012-04-01,0.03230932203389836,0.0024364865694661564,-0.0072227419977389795,-0.002102560549198884,0.045863699159685245,-0.020414741652374557,-0.007070377890620372,7.347268652879713e-05,0.0189,1,1,1
2012-05-01,-0.009748589020010301,-0.028465048388371716,0.012299112462420325,0.013049603875309623,0.028546637323431545,-0.01784311298952701,0.01153746486383489,6.705347777224979e-05,0.0233,1,1,1
2012-06-01,-0.08998272884283254,-0.1256686832570041,0.023898340540588592,-0.020592130622208105,-0.0700008954534529,-0.15535348405275584,0.01357274177995782,7.637753590916674e-05,-0.010700000000000001,1,1,1
2012-07-01,0.07041184285443158,0.08888215050870474,-0.008339705792921537,0.02634907806445841,0.09663761212182642,0.0349758899565511,-3.089634148700782e-05,7.6954692924458e-05,0.0174,1,1,1
2012-08-01,0.0026595744680850686,0.006648984647589895,0.007720655585066849,0.0205769614283704,0.008128484585223195,0.07037600557235524,0.02653906083377211,8.04464427808238e-05,-0.0014000000000000002,1,1,1
2012-09-01,0.028470380194518086,0.03219402119657344,0.0009119173077580811,0.01016473786413341,0.00883302736313274,0.06066740704871587,0.004404415284190666,8.393736174383548e-05,0.0068000000000000005,1,1,1
2012-10-01,0.028198074277854257,0.037395204001836824,-0.0025142519770497973,0.01527325587184003,-0.01494192029915653,-0.01236764621565789,0.008435160556062193,8.975881108042039e-05,0.0053,1,1,1
2012-11-01,-0.00836120401337792,0.004170379035521865,-0.003459779960692022,0.00863270649778558,0.004423492945013097,-0.040773916951469924,0.009012987484667612,9.208194360499355e-05,0.0064,1,1,1
2012-12-01,-0.009274873524451888,0.0182374608335234,0.00630708372759381,0.006807332084188156,-0.004803541578647708,0.014132459306883227,0.0008291114232492625,8.100133972721579e-05,-0.006500000000000001,1,1,1
2013-01-01,0.01651063829787236,0.026949094113816185,-0.004068704752115737,0.015756146014402672,0.028586590374233056,-0.007605637862513115,-0.000637972742502213,5.011187768033665e-05,-0.0095,1,1,1
2013-02-01,0.06463496316142003,0.05568691376404189,-0.008866647102666825,0.01387513734566026,0.04939772548843657,0.04927257226823922,-0.010707689841374268,6.525870999829486e-05,0.005699999999999999,1,1,1
2013-03-01,0.005033029254482457,-0.023168791387824017,0.007285008023125039,0.004780327315448085,0.010850048735443485,-0.05720362689189762,0.01059002450942903,7.515914512024047e-05,0.0021,1,1,1
2013-04-01,0.030985915492957705,0.011736481894161654,0.0007689364251375341,0.010501082905426173,0.030572542651001955,0.013400109543088456,0.00042991188647056866,7.457091140206096e-05,0.005600000000000001,1,1,1
2013-05-01,0.011839708561020013,0.04816216698280518,0.009515814897327335,0.01995535278424998,0.046966755990364595,-0.06493715292102309,0.019853312169987092,4.8933511591187084e-05,-0.0433,1,1,1
2013-06-01,0.03960396039603964,-0.023535069277242027,-0.01858098300482003,-0.008096322828422431,-0.05397682731805209,0.018295487572736358,-0.026203406655350148,4.019341771610563e-05,-0.0349,1,1,1
2013-07-01,-0.011399711399711299,-0.022486639053877044,-0.010218615405159559,-0.024830205214343093,-0.03029744320653638,-0.0014463760886390675,-0.026495974573218284,3.7861842718367456e-05,0.0008,1,1,1
2013-08-01,0.0613049189899284,0.05287516000062409,-0.006349263568655061,0.01722726835061139,0.004873004920004309,0.05435371793567745,9.473149120053925e-05,3.0870795237447624e-05,-0.0091,1,1,1
2013-09-01,-0.041534864530325954,-0.009472287790567968,0.000483892437166622,-0.005808190363504884,-0.05823925845610889,0.020761272435934508,1.7760472124095372e-05,3.552944109275202e-05,0.013300000000000001,1,1,1
2013-10-01,0.04491318697087099,0.06178693302900817,0.005293979786065162,0.010810174655396798,0.04986500397312699,-0.03835616274476927,0.006033801806799799,1.5143158175634497e-05,-0.0005,1,1,1
2013-11-01,0.03639110134578427,0.01922057294831303,0.0033652602291538436,0.024184760212818457,0.03145366776687153,-0.02623980513438051,0.011767831120253813,4.193426454590643e-05,-0.0037,1,1,1
2013-12-01,0.02318802173048895,0.00977353105793588,-0.0004547827523542214,0.005053046772615533,-0.05497891359682139,0.014428311019723195,0.0019026965946715713,5.6492404101327054e-05,-0.0147,1,1,1
2014-01-01,0.029008029008029013,0.021909063930027894,-0.008721230431708582,0.0053968354832560905,0.014987205506044488,0.013694153275360943,-0.0016328798477416306,5.4159760811689495e-05,0.019799999999999998,1,1,1
2014-02-01,-0.054870375031462415,-0.049005800783348596,0.013068551973548281,0.007011154770625305,0.01571349708985159,-0.021333004794526933,0.018123959610458096,4.3092529560695425e-05,0.0045000000000000005,1,1,1
2014-03-01,0.0645805592543276,0.046232384027844686,0.0025768862350350474,0.020231144941962764,0.06549993152795386,0.0674884553653301,0.010398998119434344,3.9596834349620025e-05,-0.0067,1,1,1
2014-04-01,0.022263914946841767,0.01789538698236237,-0.0038727956885878934,0.0030501008907919402,0.007657318432388482,-0.026826716834957964,-0.0007529627975818576,4.192439982597662e-05,0.0197,1,1,1
2014-05-01,-0.005872996451731338,0.015677606827967594,0.008263515953458755,0.006041786519045189,0.029376126018398896,0.013927918687854923,0.016759076806341255,2.6201651402768533e-05,0.017,1,1,1
2014-06-01,0.022276923076923083,0.015413291008646413,0.007325842079558331,0.008800673523421398,0.02426680709688922,0.002440918895889821,0.01033580025559333,2.9112183215884713e-05,-0.0011,1,1,1
2014-07-01,0.030821093185648962,0.019005725575411248,-0.0033916566389005087,0.008642919085187328,0.013135063000669023,0.02163765715779964,-0.002125462044140658,2.7946882292351205e-05,0.0062,1,1,1
2014-08-01,-0.02814762905863133,-0.0314759900258591,0.0031587179234024987,-0.01888779779361771,-0.006735187717704094,-0.05810429942395834,0.0038930244034334205,2.0959575964374366e-05,0.0026,1,1,1
2014-09-01,0.043744742218483346,0.008298858869423942,0.007691255980958989,0.02130510240348049,0.035688726682582494,-0.009703186363314575,0.0128646525943088,2.5034524355760368e-05,-0.0175,1,1,1
2014-10-01,-0.033390903857224985,-0.04861438192458545,-0.0006053367820435529,-0.01928929760886855,-0.055390011625355395,-0.062227303331425454,-0.007489887566406783,1.9212060982543022e-05,0.0009,1,1,1
2014-11-01,0.041572364502680204,-0.019296794227364633,0.0046698987180824325,0.010194065249333972,0.09360840181245678,-0.06449811146451478,0.003178771632656119,1.3972139553786178e-05,0.001,1,1,1
2014-12-01,0.01646843549862753,0.021750652179588048,0.006734302710865725,-0.014062490569681896,0.012603692097016284,-0.08271047391324782,0.003935275846952635,1.6300601725083297e-05,-0.0097,1,1,1
2015-01-01,0.007650765076507637,-0.029958033174172782,0.002669099138568942,-0.0077069521728218016,0.01430196229372327,-0.1552822978384275,0.0034005902267446597,2.2121884598380603e-05,0.0315,1,1,1
2015-02-01,-0.015855292541313126,0.0029805643134388493,0.025618784252243954,0.00660703269586671,0.05409701840782333,-0.059164228634142835,0.03033733355646273,2.444996315031922e-05,-0.012,1,1,1
2015-03-01,0.05082822781937835,0.049694103809125645,-0.015341949963451729,0.024103547811804793,-0.019235540507012594,0.026451143699951052,-0.010132655147256031,1.3388938175706855e-05,0.0031,1,1,1
2015-04-01,-0.020837832001727508,-0.010972536877172367,0.009185824204556603,-0.005248228648027542,0.006205264802606969,-0.02550717748713638,0.007831606997099616,2.212055820649539e-05,-0.0053,1,1,1
2015-05-01,0.018965707354724914,0.040044165894464356,-0.011852872693760452,0.01202572385954137,-0.04053818674186027,0.07884593197826284,-0.016471342000587197,1.862742644065385e-05,-0.011399999999999999,1,1,1
2015-06-01,0.005086029650470669,-0.009130655490369843,-0.0030553163362663227,0.0025418187438326356,0.0026323361169531267,-0.017373259871038882,-0.009413246210884574,1.3388213366161139e-05,-0.0067,1,1,1
2015-07-01,-0.01324289405684742,-0.018180567580306728,-0.008182567450372047,-0.012498399085462686,-0.03964443169026477,-0.018004436927265055,-0.014524388507227926,1.3388034124206527e-05,0.006999999999999999,1,1,1
2015-08-01,0.007746863066012022,0.0076972315663526025,0.012611872824686232,-0.007923350767987447,0.03927821849098212,-0.14746883383952136,0.010739276388238572,2.9104032363891363e-05,-0.0102,1,1,1
2015-09-01,-0.08391078388912954,-0.09333581803448787,0.0014765057685974803,-0.018570915854093206,-0.0789128243394267,-0.015768404156464855,-0.005059770696569932,5.529605215270905e-05,0.0011,1,1,1
2015-10-01,0.0034274908403262305,-0.020376589964855252,0.008157718321473162,-0.0268861731511979,0.04241778986759415,-0.027452796925840683,0.0067347174020049305,1.5714851116399586e-05,-0.0019,1,1,1
2015-11-01,0.09210836277974077,0.0643485499360903,-0.004151934659944567,0.02961066021791159,0.07924274049370528,0.0016114984769115548,0.004030663991935635,1.571460416371906e-05,0.0027,1,1,1
2015-12-01,0.0019413287316651928,-0.0045725206598015156,-0.0005284128491847007,-0.019976561884503252,-0.010844288828697923,-0.07808388405680644,0.0024818905209658126,0.00010185231530690508,-0.0115,1,1,1
2016-01-01,-0.029494079655543737,-0.02510842735275398,-0.0051329816497129865,-0.027426003989328374,-0.0008281656464868004,-0.09049103339969067,-0.012418698530847205,0.00018622526622946722,0.011200000000000002,1,1,1
2016-02-01,-0.05512422360248448,-0.06189575075168563,0.01880815637619504,-0.01791836257627155,-0.03395285569618567,-0.07611805870686406,0.00011168488518231712,0.00021702840977511073,0.0116,1,1,1
2016-03-01,0.02371170325155525,-0.011060902758178282,0.005452019664701879,0.016537011673223523,0.021567202906071614,0.009421100712479147,0.007319017734124023,0.0002483941637261289,0.0202,1,1,1
2016-04-01,0.0519435844513243,0.036115745687584244,0.006267476083318568,0.03517054866780378,0.0725657333279146,0.022857947374011145,0.03158109831209255,0.00025356665342601836,0.0044,1,1,1
2016-05-01,0.00872029649008077,0.05141055411827966,-0.0003277546530700004,0.03924881619941578,-0.00217074529974437,0.1093455091289488,0.01414558982395242,0.00019594105488374147,-0.0085,1,1,1
2016-06-01,0.011778690296088135,-0.010806741694340705,-0.000530282392201431,0.0041276697575587384,0.009774574082981102,0.039372875998819445,-0.0015189993065919394,0.0002296188559516299,0.0278,1,1,1
2016-07-01,0.003738118124532841,-0.018297280083036438,0.02451307338199804,0.015230256204824988,0.06662216832281986,0.005294462595291982,0.027326635722759285,0.00022375434214194634,-0.0027,1,1,1
2016-08-01,0.03522025962970843,0.0371881920521655,-0.00031241865342535036,0.02293941606614358,0.04159407473565757,-0.11989008516524724,0.007089260247661544,0.00025275679218528246,0.0007000000000000001,1,1,1
2016-09-01,0.004008633980881804,0.010801699728965053,-0.0032422070584207097,0.020563216727332634,-0.03831405196449955,0.020074809484831535,0.005227244864879799,0.0002550165354113787,0.0062,1,1,1
2016-10-01,-0.0023546273546274366,0.007592928221302531,-0.0012951520556252483,0.007099342776901718,-0.028511762825306985,0.06758889740256557,-0.0022460715969544465,0.00025785529439636967,-0.0031,1,1,1
2016-11-01,-0.024217547460235966,-0.020021322187965818,-0.00969272968410162,-0.001143841906350862,-0.05419260565293782,-0.024027349036250034,-0.008004920622532774,0.00025953063854999847,-0.0222,1,1,1
2016-12-01,0.04953202229466824,-0.01450035654331261,-0.03129239688707175,0.0001780348768638529,-0.01356950420715286,0.0488248452384028,-0.030832500504726412,0.00037207153292895256,0.0012,1,1,1
2017-01-01,0.02414829659318629,0.034377215057096455,0.002943020479456271,0.018518508119921284,0.0581150392363079,0.026598082712690152,0.01071961533928012,0.000407327721262396,0.0075,1,1,1
2017-02-01,0.01809999021622155,0.028056530837044402,0.000998349814385291,0.015518958059283827,-0.00880012477674752,0.0005104845839032368,0.001718145004837357,0.0004674821504178084,-0.0014000000000000002,1,1,1
2017-03-01,0.051316548145300844,0.015076295523625882,-0.00021947277153444578,0.015985928300565444,0.05046335078130171,-0.009840213847581936,0.0068011172034911915,0.00040465269436085194,0.006500000000000001,1,1,1
2017-04-01,-0.015722120658135275,0.018457749033849336,0.005875428346490796,-0.004614091494201555,-0.00981019908242331,-0.047995486786490016,0.003663946706229826,0.0006751141899150603,0.0012,1,1,1
2017-05-01,0.015230312035661164,0.02842666290343132,0.004366138082604332,0.011997491955684003,0.010069055119511727,-0.017285219946056918,0.008012344408713235,0.0006202227358249601,0.0038,1,1,1
2017-06-01,0.01701427003293099,0.035369999104177374,0.008114916772379521,0.009329206351732289,-0.0017517506493811563,-0.013798416534175684,0.013341092094797391,0.0007674188451678443,-0.009000000000000001,1,1,1
2017-07-01,0.002698327037236936,2.2804246204266576e-05,-0.000700140493471002,0.00027907094077916916,0.02572811249705831,-0.0037723671728473462,0.003888486313684325,0.0008738165020045763,0.0060999999999999995,1,1,1
2017-08-01,0.018119842124147745,0.03604303304581857,0.003987849192632176,0.011804927616794858,0.004594661645617393,0.017436770637933918,0.01039779360014026,0.0008586086495288026,0.0076,1,1,1
2017-09-01,0.0025550660792952318,-0.003572418114821785,0.006125976172582037,-0.0005052600531431084,0.003271785135646299,0.006427229950516367,0.0024246951035076236,0.000874613856539197,-0.005,1,1,1
2017-10-01,0.02636435539151072,0.02101330712414251,-0.006273450827435689,0.008365683552511216,-0.008289379890072501,0.018489499220915695,0.0005194170947178112,0.0008836551483870636,0.0025,1,1,1
2017-11-01,0.0175528726774552,0.017645515947510182,-0.0012318693012309812,0.004599998969534447,0.0013228101537874348,0.05222203151940108,0.004272419568755348,0.00089497706369146,0.0049,1,1,1
2017-12-01,0.027600134634803153,0.0005364913540479854,0.0019107134169462636,-0.0028726052647505274,0.026818144695045065,0.026263070367292807,0.002419440511759019,0.0010243016870750132,0.0052,1,1,1
2018-01-01,0.012692433671798176,0.024907723595374298,-0.00011675936042221391,0.002967806245972149,-0.0028842933690556016,0.03137937836663629,0.004985822821810704,0.001017501719802194,-0.012,1,1,1
2018-02-01,0.05247836985526,0.04691614725419746,-0.01642680004900321,0.005007264225497021,-0.049255989241127174,0.04260126694170774,-0.0124509654925955,0.0013273260814978816,-0.003,1,1,1
2018-03-01,-0.04824830977258765,-0.06028482595917084,-0.0010869937390550755,-0.009298725182180556,-0.056119144626834094,-0.04620338854610939,-0.01197004661764689,0.0012159634946984355,0.0077,1,1,1
2018-04-01,-0.03132063287051978,-0.004075290483447902,0.005889839570332844,-0.004257515292236835,0.02659493177387917,0.00994310248396646,0.0011270238130136612,0.0015056425775317184,-0.005,1,1,1
2018-05-01,0.029583333333333295,0.01821457781090241,-0.010139729637664407,0.005450429899619413,0.025343914057942785,0.057894355594361624,-0.01279113168899948,0.001414675657563702,0.0045000000000000005,1,1,1
2018-06-01,0.03537029542695258,-0.008206223978133642,0.007192320707430033,0.001653994615643084,0.03287021398898937,0.015721520068443517,0.004808302227971684,0.0016046915511960247,0.0089,1,1,1
2018-07-01,-0.00046904315197005,-0.026837656011816424,0.004199275687173376,0.0031309803728207797,0.03180980385125687,0.006325228062672217,-0.00172668881190996,0.001634642321431734,-0.0084,1,1,1
2018-08-01,0.030345690599092867,0.035703552079532574,-0.006339228644967054,0.011215048973677533,0.016920784261390764,-0.03500768216232886,0.005801448937166942,0.001628556878730425,0.0097,1,1,1
2018-09-01,0.035904053438591044,-0.018291325120783464,0.009692745947890158,0.007073945541100413,0.018465559571524626,0.0268679733712629,0.007449430055374018,0.0016901719232416124,-0.012199999999999999,1,1,1
2018-10-01,0.00322415182824054,0.010218275457840598,-0.01048900334924363,0.0074953556246590836,-0.032414715072641154,0.060332200556090676,-0.004417410871246696,0.0018269838359052937,0.0038,1,1,1
2018-11-01,0.023716309984661565,-0.0009156977102625641,0.0035226429442920537,0.0072859407756877825,0.033069489874903324,-0.018243299986802963,0.005305095711454433,0.0016000874990296232,-0.009000000000000001,1,1,1
2018-12-01,0.01897158186890402,0.0015494885540003889,-0.00028179415074058856,0.0074131778124761905,0.009814948198063833,0.01016918616972795,0.0027086849664172963,0.0016781009774446964,0.0060999999999999995,1,1,1
2019-01-01,0.01861836208828138,0.0015470913536557163,-0.0002818735810671269,0.007358627002054252,0.00971955130549218,0.01006681485532801,0.002701367812036004,0.0016752896722083133,0.0076,1,1,1
